{"switches":{"00:00":[4,6],"00:15":[4,6],"00:30":[5,6],"00:45":[5,6],"01:00":[5,6],"01:15":[4,6],"01:30":[5,6],"01:45":[5,6],"02:00":[5,6],"02:15":[5,6],"02:30":[3,18],"02:45":[3,18],"03:00":[3,18],"03:15":[3,18],"03:30":[3,18],"03:45":[3,18],"04:00":[3,18],"04:15":[3,18],"04:30":[3,18],"04:45":[5,6],"05:00":[3,18],"05:15":[3,18],"05:30":[5,6],"05:45":[5,6],"06:00":[5,6],"06:15":[5,6],"06:30":[4,6],"06:45":[5,6],"07:00":[4,19],"07:15":[5,13],"07:30":[5,13],"07:45":[5,8],"08:00":[5,13],"08:15":[5,13],"08:30":[5,13],"08:45":[5,13],"09:00":[4,13],"09:15":[4,18],"09:30":[5,18],"09:45":[4,18],"10:00":[5,18],"10:15":[5,13],"10:30":[5,13],"10:45":[5,13],"11:00":[5,13],"11:15":[5,13],"11:30":[5,16],"11:45":[5,16],"12:00":[5,16],"12:15":[5,16],"12:30":[5,16],"12:45":[5,16],"13:00":[5,16],"13:15":[5,16],"13:30":[5,16],"13:45":[5,15],"14:00":[5,15],"14:15":[5,15],"14:30":[5,15],"14:45":[5,15],"15:00":[5,15],"15:15":[5,15],"15:30":[5,15],"15:45":[5,16],"16:00":[5,16],"16:15":[5,15],"16:30":[5,15],"16:45":[5,15],"17:00":[5,15],"17:15":[5,15],"17:30":[5,15],"17:45":[5,15],"18:00":[5,15],"18:15":[5,15],"18:30":[5,15],"18:45":[5,15],"19:00":[5,15],"19:15":[5,15],"19:30":[5,16],"19:45":[5,15],"20:00":[5,15],"20:15":[5,15],"20:30":[5,15],"20:45":[5,16],"21:00":[5,16],"21:15":[5,16],"21:30":[5,16],"21:45":[5,16],"22:00":[5,13],"22:15":[4,13],"22:30":[5,13],"22:45":[5,13],"23:00":[4,13],"23:15":[5,18],"23:30":[4,6],"23:45":[5,6],"24:00":[5,6]},"losses":{"00:00":74.6851397356,"00:15":78.983402026,"00:30":85.088638521,"00:45":92.0330729518,"01:00":99.8156831212,"01:15":106.3206372596,"01:30":113.3166515483,"01:45":120.2765491485,"02:00":127.2769353361,"02:15":134.4586950987,"02:30":148.3474602583,"02:45":156.5686298705,"03:00":165.1575194254,"03:15":173.9744620209,"03:30":183.286372474,"03:45":174.387108488,"04:00":183.1432715488,"04:15":165.1575194254,"04:30":156.3171761697,"04:45":134.0236702737,"05:00":146.5607972372,"05:15":159.5973906923,"05:30":132.5328025513,"05:45":112.4384062366,"06:00":93.5633441515,"06:15":93.9853674066,"06:30":83.7260687514,"06:45":82.3608573934,"07:00":73.6426926316,"07:15":70.0252776915,"07:30":71.3918670372,"07:45":71.0038840287,"08:00":71.4188452536,"08:15":71.4933165999,"08:30":71.2590490726,"08:45":71.5669426108,"09:00":72.980968378,"09:15":75.6767585872,"09:30":74.2873624395,"09:45":77.2220763021,"10:00":73.2321351605,"10:15":70.9812161019,"10:30":69.8394522437,"10:45":68.4625410872,"11:00":69.1963684071,"11:15":69.5273049061,"11:30":73.7422358805,"11:45":75.8680575415,"12:00":75.53644195,"12:15":78.6169953168,"12:30":79.7184335325,"12:45":82.2554667586,"13:00":84.1168832489,"13:15":85.2834201758,"13:30":85.9671587898,"13:45":86.5312375044,"14:00":87.0705727327,"14:15":87.880215475,"14:30":88.9252369959,"14:45":90.9649054881,"15:00":83.0740525189,"15:15":87.4836605468,"15:30":83.7104519603,"15:45":76.5314059946,"16:00":80.7415190029,"16:15":86.3605187549,"16:30":84.6485334402,"16:45":83.937958784,"17:00":89.7136465688,"17:15":97.8232335088,"17:30":107.7444317335,"17:45":114.8517652788,"18:00":128.4447860587,"18:15":131.3624048139,"18:30":133.6796142594,"18:45":147.244287903,"19:00":160.1797347393,"19:15":156.8998945791,"19:30":188.2995174887,"19:45":154.9854878537,"20:00":125.5038150182,"20:15":114.336634299,"20:30":104.1115473985,"20:45":95.3602356006,"21:00":88.7194425902,"21:15":83.8397095703,"21:30":80.1860821053,"21:45":77.4613675289,"22:00":75.529293415,"22:15":71.5505471417,"22:30":70.5674362008,"22:45":70.2734701036,"23:00":71.5049939299,"23:15":74.4116978959,"23:30":77.7217861829,"23:45":82.5393312141,"24:00":82.5393312141},"max_line_loading":{"00:00":15.1178276828,"00:15":20.5106201437,"00:30":25.3608547052,"00:45":29.8286955951,"01:00":33.7448908661,"01:15":37.1971591381,"01:30":40.2670451531,"01:45":43.0848749196,"02:00":45.7329615261,"02:15":48.2942692848,"02:30":35.2105062032,"02:45":36.9045310419,"03:00":38.5954557344,"03:15":40.2552517134,"03:30":41.9398749387,"03:45":40.3391577913,"04:00":41.9119628452,"04:15":38.5954557344,"04:30":36.8483574107,"04:45":48.1303774951,"05:00":34.788237747,"05:15":37.3891414988,"05:30":47.3285859946,"05:45":39.265097964,"06:00":29.4436082814,"06:15":28.0408916858,"06:30":19.0657497113,"06:45":16.5713824718,"07:00":12.0216090292,"07:15":7.795583899,"07:30":7.8949090278,"07:45":9.8272876882,"08:00":9.848793503,"08:15":10.5602840146,"08:30":9.4068125932,"08:45":8.1299136615,"09:00":10.6997259577,"09:15":12.8117835457,"09:30":12.0369891792,"09:45":13.6073430613,"10:00":11.417207907,"10:15":10.0661162671,"10:30":7.9274204971,"10:45":7.8048164542,"11:00":8.7091641576,"11:15":9.7182454866,"11:30":11.6530784072,"11:45":12.4628175052,"12:00":12.3093544099,"12:15":14.157647918,"12:30":14.2662585546,"12:45":15.6344620297,"13:00":16.660549666,"13:15":17.4520283964,"13:30":17.9570521617,"13:45":18.3103416982,"14:00":18.4524371602,"14:15":19.5207667444,"14:30":20.6742299054,"14:45":21.8573114981,"15:00":16.1546304632,"15:15":19.8227106956,"15:30":16.8873697776,"15:45":11.8972692156,"16:00":15.0355724763,"16:15":19.1829663018,"16:30":17.4697185092,"16:45":16.5371851289,"17:00":20.3602783255,"17:15":24.5961386742,"17:30":29.4330885904,"17:45":32.1282112157,"18:00":37.3344339923,"18:15":37.677779353,"18:30":37.7977914284,"18:45":42.3558435626,"19:00":46.3970880046,"19:15":44.969235827,"19:30":45.9873537425,"19:45":44.4629569822,"20:00":33.2759906398,"20:15":28.6725306995,"20:30":24.1986327816,"20:45":21.0240990304,"21:00":17.7932251363,"21:15":15.483739204,"21:30":13.2992084176,"21:45":12.7582687969,"22:00":12.1338219877,"22:15":10.1685988438,"22:30":7.9923426247,"22:45":6.7814451842,"23:00":11.4795145666,"23:15":11.9891632202,"23:30":16.034261819,"23:45":21.7810350686,"24:00":21.7810350686},"max_trafo_loading":{"00:00":1.5564600918,"00:15":1.830335978,"00:30":2.0879264215,"00:45":2.3290635377,"01:00":2.5103834912,"01:15":2.7447571143,"01:30":2.9266679098,"01:45":3.097717473,"02:00":3.2615330987,"02:15":3.4216647601,"02:30":3.9234064111,"02:45":4.0767764582,"03:00":4.2300105423,"03:15":4.3822315735,"03:30":4.535195254,"03:45":4.3848635424,"04:00":4.5343186978,"04:15":4.2300105423,"04:30":4.0750186865,"04:45":3.4146040725,"05:00":3.9102109852,"05:15":4.1922480064,"05:30":3.4299149803,"05:45":2.9839062088,"06:00":2.4639800219,"06:15":2.4694833631,"06:30":2.0828619996,"06:45":1.9950476086,"07:00":1.5095977281,"07:15":0.9146505078,"07:30":0.9913928079,"07:45":0.3549131487,"08:00":0.6337669648,"08:15":0.4965452787,"08:30":0.6735380623,"08:45":0.863364793,"09:00":1.2299559211,"09:15":1.6088228528,"09:30":1.5115290702,"09:45":1.7087241916,"10:00":1.4337008528,"10:15":1.1312095826,"10:30":0.9893022665,"10:45":0.688153135,"11:00":0.5237666471,"11:15":0.361987496,"11:30":0.3658369842,"11:45":0.5613726675,"12:00":0.4807189956,"12:15":0.7022708739,"12:30":0.7072740674,"12:45":0.8652293266,"13:00":0.9815482779,"13:15":1.0646942624,"13:30":1.1268388924,"13:45":1.1837551801,"14:00":1.244227646,"14:15":1.3117813126,"14:30":1.3846654041,"14:45":1.4616616201,"15:00":1.0742667034,"15:15":1.3330777717,"15:30":1.1473564732,"15:45":0.6785335343,"16:00":0.9743066572,"16:15":1.2926084301,"16:30":1.1842496773,"16:45":1.1093736295,"17:00":1.3671840736,"17:15":1.6538682226,"17:30":1.9624458422,"17:45":2.1341842644,"18:00":2.4651446388,"18:15":2.4871999775,"18:30":2.4950631257,"18:45":2.7841427482,"19:00":3.0398911941,"19:15":2.9497760794,"19:30":3.4203284926,"19:45":2.9177030201,"20:00":2.2080679474,"20:15":1.9147845182,"20:30":1.6080093313,"20:45":1.3108086877,"21:00":1.0425689673,"21:15":0.7963030944,"21:30":0.5601914094,"21:45":0.3243409547,"22:00":0.1075216902,"22:15":0.302193475,"22:30":0.5720048337,"22:45":0.8515710516,"23:00":1.1499735617,"23:15":1.4380914126,"23:30":1.7488925965,"23:45":2.0368759427,"24:00":2.0368759427},"min_voltage":{"00:00":0.9709968103,"00:15":0.9710023086,"00:30":0.9710099478,"00:45":0.9710140127,"01:00":0.976926009,"01:15":0.9710172458,"01:30":0.9710225057,"01:45":0.9710245247,"02:00":0.9710262883,